{"currentHealth":1,"maxHealth":10,"currentCoins":4,"playerPosition":{"x":40.22640609741211,"y":14.928549766540528,"z":0.0}}