{"currentHealth":1,"maxHealth":10,"currentCoins":4,"playerPosition":{"x":-0.009705320000648499,"y":1.8426951169967652,"z":0.0}}